tx_id,time,target,action,status,object,state,attempts,notes,collected_at
1781249379893-695-1342620982,2026-06-12 09:29 CEST,GLOPPS,Data Publish,Success,N/A,N/A,N/A,N/A,13-06-26 2:14
1781248832808-689-1464075343,2026-06-12 09:20 CEST,SPIS,Event Handling,Success,N/A,N/A,N/A,N/A,13-06-26 2:14
1781246715110-685-1342620982,2026-06-12 08:46 CEST,GLOPPS,Data Publish,Success,N/A,N/A,N/A,N/A,13-06-26 2:14
1781248832396-688-1343014908,2026-06-12 09:20 CEST,FACTORYMASTER,Generate Report,Success,N/A,N/A,N/A,N/A,13-06-26 2:14
1781254592288-5-7330250,2026-06-12 10:56 CEST,GLOPPS,Data Publish,Success,N/A,N/A,N/A,N/A,13-06-26 15:56
1781254592193-4-385865976,2026-06-12 10:56 CEST,FACTORYMASTER,Generate Report,Success,N/A,N/A,N/A,N/A,13-06-26 15:56
1781248837288-694-1930633891,2026-06-12 09:20 CEST,Change Report,Generate Report,Success,N/A,N/A,N/A,N/A,13-06-26 2:14
1781271877589-732-1082244522,2026-06-12 15:44 CEST,FADS,Event Handling,Success,N/A,N/A,N/A,N/A,13-06-26 15:56
1781245993825-682-1343014908,2026-06-12 08:33 CEST,FACTORYMASTER,Generate Report,Success,N/A,N/A,N/A,N/A,13-06-26 2:14
1781255116002-8-2105695092,2026-06-12 11:05 CEST,GLOPPS,Data Publish,Success,N/A,N/A,N/A,N/A,13-06-26 15:56
1781262161314-714-1343014908,2026-06-12 13:02 CEST,FACTORYMASTER,Generate Report,Success,N/A,N/A,N/A,N/A,13-06-26 15:56
1781262488802-720-1464075343,2026-06-12 13:08 CEST,SPIS,Event Handling,Success,N/A,N/A,N/A,N/A,13-06-26 15:56
1781245993932-684-1930633891,2026-06-12 08:33 CEST,Change Report,Generate Report,Success,N/A,N/A,N/A,N/A,13-06-26 2:14
1781254592374-6-1707102878,2026-06-12 10:56 CEST,SPIS,Event Handling,Success,N/A,N/A,N/A,N/A,13-06-26 15:56
1781259700089-621-1677493415,2026-06-12 12:21 CEST,ESW-SyncDocument,"Event Handling, Data Collection",Success,N/A,N/A,N/A,N/A,13-06-26 15:56
1781259603951-606-1677493415,2026-06-12 12:20 CEST,ESW-SyncDocument,"Event Handling, Data Collection",Success,N/A,N/A,N/A,N/A,13-06-26 15:56
1781262487967-719-1343014908,2026-06-12 13:08 CEST,FACTORYMASTER,Generate Report,Success,N/A,N/A,N/A,N/A,13-06-26 15:56
1781251570045-706-1930633891,2026-06-12 10:06 CEST,Change Report,Generate Report,Success,N/A,N/A,N/A,N/A,13-06-26 15:33
1781245993932-683-1464075343,2026-06-12 08:33 CEST,SPIS,Event Handling,Success,N/A,N/A,N/A,N/A,13-06-26 2:14
1781254592186-3-1216190436,2026-06-12 10:56 CEST,FADS,Event Handling,Success,N/A,N/A,N/A,N/A,13-06-26 15:56
1781271878142-734-1464075343,2026-06-12 15:44 CEST,SPIS,Event Handling,Success,N/A,N/A,N/A,N/A,13-06-26 15:56
1781251192071-705-1930633891,2026-06-12 09:59 CEST,Change Report,Generate Report,Success,N/A,N/A,N/A,N/A,13-06-26 10:44
1781259603950-605-1677493415,2026-06-12 12:20 CEST,ESW-SyncDCN,"Event Handling, Data Collection",Success,N/A,N/A,N/A,N/A,13-06-26 15:56
1781251673633-708-1930633891,2026-06-12 10:07 CEST,Change Report,Generate Report,Success,N/A,N/A,N/A,N/A,13-06-26 15:56
1781267019334-728-1342620982,2026-06-12 14:23 CEST,GLOPPS,Data Publish,Success,N/A,N/A,N/A,N/A,13-06-26 15:56
1781264518326-723-1930633891,2026-06-12 13:42 CEST,Change Report,Generate Report,Success,N/A,N/A,N/A,N/A,13-06-26 15:56
1777979987809-9-1863041603,2026-05-05 13:19 CEST,RAPID,Data Publish,Failed,N/A,N/A,N/A,N/A,13-06-26 2:57
1780880401097-4-75875296,2026-06-09 04:32 CEST,POTS,Generate Export,Failed,N/A,N/A,N/A,N/A,13-06-26 15:59
1776319918890-3-1262549859,2026-04-16 08:12 CEST,RAPID,Data Publish,Failed,N/A,N/A,N/A,N/A,13-06-26 3:30
1778720401074-982-131326132,2026-05-15 08:06 CEST,POTS,Generate Export,Failed,N/A,N/A,N/A,N/A,13-06-26 2:56
1778029201028-414-448470411,2026-05-07 06:11 CEST,POTS,Generate Export,Failed,N/A,N/A,N/A,N/A,13-06-26 2:56
1777548929397-14-884918076,2026-06-06 03:00 CEST,RAPID,Data Publish,Failed,"54523319, COTS components, Aurora, VAS, 04.2",Released,12,Failed to send POST request,2026-06-16 17:01:27
1778059459042-17-2014039600,2026-05-06 11:24 CEST,RAPID,Data Publish,Failed,N/A,N/A,N/A,N/A,13-06-26 2:56
1776261780585-9-2011857616,2026-04-15 16:03 CEST,RAPID,Data Publish,Failed,N/A,N/A,N/A,N/A,13-06-26 3:03
1780906330567-175-1677493415,2026-06-08 10:12 CEST,ESW-SyncPart,"Event Handling, Data Collection",Failed,N/A,N/A,N/A,N/A,13-06-26 15:59
1776318346482-8-616685759,2026-04-16 07:46 CEST,RAPID,Data Publish,Failed,N/A,N/A,N/A,N/A,13-06-26 3:03
1776235464684-4-930476711,2026-04-15 08:44 CEST,RAPID,Data Publish,Failed,N/A,N/A,N/A,N/A,13-06-26 3:03
1776693201114-31-725727101,2026-04-20 15:53 CEST,RAPID,Data Collection,Failed,N/A,N/A,N/A,N/A,13-06-26 3:30
1776090964266-3-2079442332,2026-04-13 16:36 CEST,RAPID,Data Collection,Failed,N/A,N/A,N/A,N/A,13-06-26 3:01
1778806801133-1022-131326132,2026-05-16 14:47 CEST,POTS,Generate Export,Failed,N/A,N/A,N/A,N/A,13-06-26 2:56
1777942801044-144-448470411,2026-05-06 06:11 CEST,POTS,Generate Export,Failed,N/A,N/A,N/A,N/A,13-06-26 2:57
1780621201080-868-1087310219,2026-06-06 04:34 CEST,POTS,Generate Export,Failed,N/A,N/A,N/A,N/A,13-06-26 15:59
1776261904279-10-899677857,2026-04-15 16:05 CEST,RAPID,Data Publish,Failed,N/A,N/A,N/A,N/A,13-06-26 3:03
1779325201075-697-1072662030,2026-05-22 03:59 CEST,POTS,Generate Export,Failed,N/A,N/A,N/A,N/A,13-06-26 2:56
1780016401327-673-747697043,2026-05-30 03:53 CEST,POTS,Generate Export,Failed,N/A,N/A,N/A,N/A,13-06-26 2:56
1780362001056-107-1087310219,2026-06-03 04:31 CEST,POTS,Generate Export,Failed,N/A,N/A,N/A,N/A,13-06-26 2:56
1777597201036-578-60534480,2026-05-02 06:08 CEST,POTS,Generate Export,Failed,N/A,N/A,N/A,N/A,13-06-26 3:30
1777510801057-386-60534480,2026-05-01 06:02 CEST,POTS,Generate Export,Failed,N/A,N/A,N/A,N/A,13-06-26 3:30
1778461201055-4-131326132,2026-05-12 06:03 CEST,POTS,Generate Export,Failed,N/A,N/A,N/A,N/A,13-06-26 2:56
1780297201418-6-1726329946,2026-06-08 12:35 CEST,RAPID,Data Publish,Failed,"53764647, ASSEMBLY INSTRUCTIONS, OIL SYSTEM, D17 EC800 T4F, VOE, 01.7",Released,11,Failed to send POST request,2026-06-16 17:01:27
1780486699317-14-2008929427,2026-06-03 13:38 CEST,RAPID,Data Publish,Failed,N/A,N/A,N/A,N/A,13-06-26 2:56
1778547601037-590-131326132,2026-05-13 05:59 CEST,POTS,Generate Export,Failed,N/A,N/A,N/A,N/A,13-06-26 2:56
1781139601030-545-75875296,2026-06-12 04:30 CEST,POTS,Generate Export,Failed,Export to Pots,N/A,1,N/A,2026-06-16 17:01:27
1781223231241-591-1677493415,2026-06-12 02:13 CEST,ESW-SyncPart,"Event Handling, Data Collection",Failed,wt.part.WTPart:20651234817,In Work,1,No enum constant ext.vce.integration.esw.xml.DesignStageEnum.I,2026-06-16 17:01:27
1781053201028-447-75875296,2026-06-11 04:30 CEST,POTS,Generate Export,Failed,Export to Pots,N/A,1,N/A,2026-06-16 17:01:27
1781092587750-11-1192232140,2026-06-10 13:56 CEST,RAPID,Data Publish,Failed,"53261820.GD, WIRING HARNESS, VOE, 03.3",Released,9,Failed to send POST request,2026-06-16 17:01:27
1780966801046-286-75875296,2026-06-10 04:30 CEST,POTS,Generate Export,Failed,Export to Pots,N/A,1,N/A,2026-06-16 17:01:27
1780906330567-176-1677493415,2026-06-08 10:12 CEST,ESW-SyncPart,"Event Handling, Data Collection",Failed,N/A,N/A,N/A,N/A,13-06-26 15:59
1780906330567-173-1677493415,2026-06-08 10:12 CEST,ESW-SyncPart,"Event Handling, Data Collection",Failed,N/A,N/A,N/A,N/A,13-06-26 15:59
1780906330566-172-1677493415,2026-06-08 10:12 CEST,ESW-SyncPart,"Event Handling, Data Collection",Failed,N/A,N/A,N/A,N/A,13-06-26 15:59
1780906330567-174-1677493415,2026-06-08 10:12 CEST,ESW-SyncPart,"Event Handling, Data Collection",Failed,N/A,N/A,N/A,N/A,13-06-26 15:59
1780534801032-744-1087310219,2026-06-05 04:38 CEST,POTS,Generate Export,Failed,N/A,N/A,N/A,N/A,13-06-26 2:56
1780448401070-281-1087310219,2026-06-04 04:32 CEST,POTS,Generate Export,Failed,N/A,N/A,N/A,N/A,13-06-26 2:56
1780486764970-15-603698977,2026-06-03 13:39 CEST,RAPID,Data Publish,Failed,N/A,N/A,N/A,N/A,13-06-26 2:56
1780464803492-3-1574102594,2026-06-03 07:33 CEST,ODC,Material Status Info,Failed,N/A,N/A,N/A,N/A,13-06-26 2:56
1780275626196-1-1087310219,2026-06-02 03:58 CEST,POTS,Generate Export,Failed,N/A,N/A,N/A,N/A,13-06-26 2:56
1780319338064-3-1537204564,2026-06-01 15:08 CEST,ODC,Material Status Info,Failed,N/A,N/A,N/A,N/A,13-06-26 2:56
1779930001037-564-747697043,2026-05-29 03:53 CEST,POTS,Generate Export,Failed,N/A,N/A,N/A,N/A,13-06-26 2:56
1779843601038-428-747697043,2026-05-28 03:55 CEST,POTS,Generate Export,Failed,N/A,N/A,N/A,N/A,13-06-26 2:56
1779757201048-219-747697043,2026-05-27 03:56 CEST,POTS,Generate Export,Failed,N/A,N/A,N/A,N/A,13-06-26 2:56
1779670801053-4-747697043,2026-05-26 03:55 CEST,POTS,Generate Export,Failed,N/A,N/A,N/A,N/A,13-06-26 2:56
1779411601037-864-1072662030,2026-05-23 04:01 CEST,POTS,Generate Export,Failed,N/A,N/A,N/A,N/A,13-06-26 2:56
1779370853280-11-1228645990,2026-06-08 22:51 CEST,RAPID,Data Publish,Failed,"54523319, COTS components, Aurora, VAS, 05.2",Released,12,Failed to send POST request,2026-06-16 17:01:27
1779238801035-569-1072662030,2026-05-21 04:00 CEST,POTS,Generate Export,Failed,N/A,N/A,N/A,N/A,13-06-26 2:56
1779152401058-388-1072662030,2026-05-20 04:02 CEST,POTS,Generate Export,Failed,N/A,N/A,N/A,N/A,13-06-26 2:56
1779066001044-4-1072662030,2026-05-19 04:00 CEST,POTS,Generate Export,Failed,N/A,N/A,N/A,N/A,13-06-26 2:56
1778634001051-818-131326132,2026-05-14 07:47 CEST,POTS,Generate Export,Failed,N/A,N/A,N/A,N/A,13-06-26 2:56
1778202001037-991-448470411,2026-05-09 06:03 CEST,POTS,Generate Export,Failed,N/A,N/A,N/A,N/A,13-06-26 2:56
1778115601031-616-448470411,2026-05-08 06:07 CEST,POTS,Generate Export,Failed,N/A,N/A,N/A,N/A,13-06-26 2:56
1778067303720-17-846930429,2026-05-06 13:35 CEST,RAPID,Data Publish,Failed,N/A,N/A,N/A,N/A,13-06-26 2:56
1778049539767-13-702659926,2026-06-08 15:49 CEST,RAPID,Data Publish,Failed,"54523319, COTS components, Aurora, VAS, 05.2",Released,12,Failed to send POST request,2026-06-16 17:01:27
1778049263745-11-1988320434,2026-05-06 08:34 CEST,RAPID,Data Publish,Failed,N/A,N/A,N/A,N/A,13-06-26 2:56
1778049133010-10-223587314,2026-05-06 08:34 CEST,RAPID,Data Publish,Failed,N/A,N/A,N/A,N/A,13-06-26 2:57
1777993960015-12-998800072,2026-05-05 17:12 CEST,RAPID,Data Collection,Failed,N/A,N/A,N/A,N/A,13-06-26 2:57
1777979732003-7-1918569991,2026-05-05 13:15 CEST,RAPID,Data Publish,Failed,N/A,N/A,N/A,N/A,13-06-26 3:30
1777856401051-4-448470411,2026-05-05 06:10 CEST,POTS,Generate Export,Failed,N/A,N/A,N/A,N/A,13-06-26 3:30
1777907506617-5-995483134,2026-05-04 17:11 CEST,RAPID,Data Collection,Failed,N/A,N/A,N/A,N/A,13-06-26 3:30
1777548889983-13-112446332,2026-04-30 13:34 CEST,RAPID,Data Collection,Failed,N/A,N/A,N/A,N/A,13-06-26 3:30
1777547912493-9-434662864,2026-04-30 13:18 CEST,RAPID,Data Publish,Failed,N/A,N/A,N/A,N/A,13-06-26 3:30
1777424401044-118-60534480,2026-04-30 06:11 CEST,POTS,Generate Export,Failed,N/A,N/A,N/A,N/A,13-06-26 3:30
1777338001053-49-60534480,2026-04-29 04:56 CEST,POTS,Generate Export,Failed,N/A,N/A,N/A,N/A,13-06-26 3:30
1777251601037-4-60534480,2026-04-28 04:56 CEST,POTS,Generate Export,Failed,N/A,N/A,N/A,N/A,13-06-26 3:30
1777254650036-10-880871215,2026-04-27 11:50 CEST,ODC,MCN Planned Date Update From ODC System,Failed,N/A,N/A,N/A,N/A,13-06-26 3:30
1777225849160-4-880871215,2026-04-27 03:50 CEST,ODC,MCN Planned Date Update From ODC System,Failed,N/A,N/A,N/A,N/A,13-06-26 3:30
1777197048031-354-1227001463,2026-04-26 19:50 CEST,ODC,MCN Planned Date Update From ODC System,Failed,N/A,N/A,N/A,N/A,13-06-26 3:30
1777168247442-353-1227001463,2026-04-26 11:50 CEST,ODC,MCN Planned Date Update From ODC System,Failed,N/A,N/A,N/A,N/A,13-06-26 3:30
1777139446053-41-1749317192,2026-04-26 03:50 CEST,ODC,MCN Planned Date Update From ODC System,Failed,N/A,N/A,N/A,N/A,13-06-26 3:30
1777110645030-352-1227001463,2026-04-25 19:50 CEST,ODC,MCN Planned Date Update From ODC System,Failed,N/A,N/A,N/A,N/A,13-06-26 3:30
1777081844034-346-1227001463,2026-04-25 11:50 CEST,ODC,MCN Planned Date Update From ODC System,Failed,N/A,N/A,N/A,N/A,13-06-26 3:30
1776992401031-649-1202124232,2026-04-25 05:01 CEST,POTS,Generate Export,Failed,N/A,N/A,N/A,N/A,13-06-26 3:30
1777053043047-341-1227001463,2026-04-25 03:50 CEST,ODC,MCN Planned Date Update From ODC System,Failed,N/A,N/A,N/A,N/A,13-06-26 3:30
1777024242195-39-1749317192,2026-04-24 19:50 CEST,ODC,MCN Planned Date Update From ODC System,Failed,N/A,N/A,N/A,N/A,13-06-26 3:30
1777040946816-823-1548054214,2026-04-24 16:29 CEST,ESW-SyncPart,"Event Handling, Data Collection",Failed,N/A,N/A,N/A,N/A,13-06-26 3:30
1777040946816-824-1548054214,2026-04-24 16:29 CEST,ESW-SyncPart,"Event Handling, Data Collection",Failed,N/A,N/A,N/A,N/A,13-06-26 3:30
1777040946816-825-1548054214,2026-04-24 16:29 CEST,ESW-SyncPart,"Event Handling, Data Collection",Failed,N/A,N/A,N/A,N/A,13-06-26 3:30
1777040946817-827-1548054214,2026-04-24 16:29 CEST,ESW-SyncPart,"Event Handling, Data Collection",Failed,N/A,N/A,N/A,N/A,13-06-26 3:30
1777040946817-826-1548054214,2026-04-24 16:29 CEST,ESW-SyncPart,"Event Handling, Data Collection",Failed,N/A,N/A,N/A,N/A,13-06-26 3:30
1777040443168-799-1548054214,2026-04-24 16:20 CEST,ESW-SyncPart,"Event Handling, Data Collection",Failed,N/A,N/A,N/A,N/A,13-06-26 3:30
1777040411993-786-1548054214,2026-04-24 16:20 CEST,ESW-SyncPart,"Event Handling, Data Collection",Failed,N/A,N/A,N/A,N/A,13-06-26 3:30
1777040411992-782-1548054214,2026-04-24 16:20 CEST,ESW-SyncPart,"Event Handling, Data Collection",Failed,N/A,N/A,N/A,N/A,13-06-26 3:30
1777040443168-798-1548054214,2026-04-24 16:20 CEST,ESW-SyncPart,"Event Handling, Data Collection",Failed,N/A,N/A,N/A,N/A,13-06-26 3:30
1777040411995-794-1548054214,2026-04-24 16:20 CEST,ESW-SyncPart,"Event Handling, Data Collection",Failed,N/A,N/A,N/A,N/A,13-06-26 3:30
1777040411993-784-1548054214,2026-04-24 16:20 CEST,ESW-SyncPart,"Event Handling, Data Collection",Failed,N/A,N/A,N/A,N/A,13-06-26 3:30
1777040411994-790-1548054214,2026-04-24 16:20 CEST,ESW-SyncPart,"Event Handling, Data Collection",Failed,N/A,N/A,N/A,N/A,13-06-26 3:30
1777040411994-792-1548054214,2026-04-24 16:20 CEST,ESW-SyncPart,"Event Handling, Data Collection",Failed,N/A,N/A,N/A,N/A,13-06-26 3:30
1777040411994-789-1548054214,2026-04-24 16:20 CEST,ESW-SyncPart,"Event Handling, Data Collection",Failed,N/A,N/A,N/A,N/A,13-06-26 3:30
1777040411995-793-1548054214,2026-04-24 16:20 CEST,ESW-SyncPart,"Event Handling, Data Collection",Failed,N/A,N/A,N/A,N/A,13-06-26 3:30
1777040443168-800-1548054214,2026-04-24 16:20 CEST,ESW-SyncPart,"Event Handling, Data Collection",Failed,N/A,N/A,N/A,N/A,13-06-26 3:30
1777040411994-788-1548054214,2026-04-24 16:20 CEST,ESW-SyncPart,"Event Handling, Data Collection",Failed,N/A,N/A,N/A,N/A,13-06-26 3:30
1777040411994-787-1548054214,2026-04-24 16:20 CEST,ESW-SyncPart,"Event Handling, Data Collection",Failed,N/A,N/A,N/A,N/A,13-06-26 3:30
1777040411994-791-1548054214,2026-04-24 16:20 CEST,ESW-SyncPart,"Event Handling, Data Collection",Failed,N/A,N/A,N/A,N/A,13-06-26 3:30
1777040411995-795-1548054214,2026-04-24 16:20 CEST,ESW-SyncPart,"Event Handling, Data Collection",Failed,N/A,N/A,N/A,N/A,13-06-26 3:30
1777040411993-783-1548054214,2026-04-24 16:20 CEST,ESW-SyncPart,"Event Handling, Data Collection",Failed,N/A,N/A,N/A,N/A,13-06-26 3:30
1777040443168-801-1548054214,2026-04-24 16:20 CEST,ESW-SyncPart,"Event Handling, Data Collection",Failed,N/A,N/A,N/A,N/A,13-06-26 3:30
1777040443167-797-1548054214,2026-04-24 16:20 CEST,ESW-SyncPart,"Event Handling, Data Collection",Failed,N/A,N/A,N/A,N/A,13-06-26 3:30
1777040411993-785-1548054214,2026-04-24 16:20 CEST,ESW-SyncPart,"Event Handling, Data Collection",Failed,N/A,N/A,N/A,N/A,13-06-26 3:30
1777034827712-745-1548054214,2026-04-24 14:47 CEST,ESW-SyncPart,"Event Handling, Data Collection",Failed,N/A,N/A,N/A,N/A,13-06-26 3:30
1777034858003-756-1548054214,2026-04-24 14:47 CEST,ESW-SyncPart,"Event Handling, Data Collection",Failed,N/A,N/A,N/A,N/A,13-06-26 3:30
1777034858002-755-1548054214,2026-04-24 14:47 CEST,ESW-SyncPart,"Event Handling, Data Collection",Failed,N/A,N/A,N/A,N/A,13-06-26 3:30
1777034858003-757-1548054214,2026-04-24 14:47 CEST,ESW-SyncPart,"Event Handling, Data Collection",Failed,N/A,N/A,N/A,N/A,13-06-26 3:30
1777034827713-747-1548054214,2026-04-24 14:47 CEST,ESW-SyncPart,"Event Handling, Data Collection",Failed,N/A,N/A,N/A,N/A,13-06-26 3:30
1777034827710-738-1548054214,2026-04-24 14:47 CEST,ESW-SyncPart,"Event Handling, Data Collection",Failed,N/A,N/A,N/A,N/A,13-06-26 3:30
1777034827711-742-1548054214,2026-04-24 14:47 CEST,ESW-SyncPart,"Event Handling, Data Collection",Failed,N/A,N/A,N/A,N/A,13-06-26 3:30
1777034827712-744-1548054214,2026-04-24 14:47 CEST,ESW-SyncPart,"Event Handling, Data Collection",Failed,N/A,N/A,N/A,N/A,13-06-26 3:30
1777034827712-746-1548054214,2026-04-24 14:47 CEST,ESW-SyncPart,"Event Handling, Data Collection",Failed,N/A,N/A,N/A,N/A,13-06-26 3:30
1777034827713-750-1548054214,2026-04-24 14:47 CEST,ESW-SyncPart,"Event Handling, Data Collection",Failed,N/A,N/A,N/A,N/A,13-06-26 3:30
1777034827711-740-1548054214,2026-04-24 14:47 CEST,ESW-SyncPart,"Event Handling, Data Collection",Failed,N/A,N/A,N/A,N/A,13-06-26 3:30
1777034827713-749-1548054214,2026-04-24 14:47 CEST,ESW-SyncPart,"Event Handling, Data Collection",Failed,N/A,N/A,N/A,N/A,13-06-26 3:30
1777034827711-741-1548054214,2026-04-24 14:47 CEST,ESW-SyncPart,"Event Handling, Data Collection",Failed,N/A,N/A,N/A,N/A,13-06-26 3:30
1777034858002-753-1548054214,2026-04-24 14:47 CEST,ESW-SyncPart,"Event Handling, Data Collection",Failed,N/A,N/A,N/A,N/A,13-06-26 3:30
1777034827713-748-1548054214,2026-04-24 14:47 CEST,ESW-SyncPart,"Event Handling, Data Collection",Failed,N/A,N/A,N/A,N/A,13-06-26 3:30
1777034827711-739-1548054214,2026-04-24 14:47 CEST,ESW-SyncPart,"Event Handling, Data Collection",Failed,N/A,N/A,N/A,N/A,13-06-26 3:30
1777034858002-754-1548054214,2026-04-24 14:47 CEST,ESW-SyncPart,"Event Handling, Data Collection",Failed,N/A,N/A,N/A,N/A,13-06-26 3:30
1777034827711-743-1548054214,2026-04-24 14:47 CEST,ESW-SyncPart,"Event Handling, Data Collection",Failed,N/A,N/A,N/A,N/A,13-06-26 3:30
1777034827713-751-1548054214,2026-04-24 14:47 CEST,ESW-SyncPart,"Event Handling, Data Collection",Failed,N/A,N/A,N/A,N/A,13-06-26 3:30
1777033456915-702-1548054214,2026-04-24 14:24 CEST,ESW-SyncPart,"Event Handling, Data Collection",Failed,N/A,N/A,N/A,N/A,13-06-26 3:30
1777033456916-706-1548054214,2026-04-24 14:24 CEST,ESW-SyncPart,"Event Handling, Data Collection",Failed,N/A,N/A,N/A,N/A,13-06-26 3:30
1777033456915-703-1548054214,2026-04-24 14:24 CEST,ESW-SyncPart,"Event Handling, Data Collection",Failed,N/A,N/A,N/A,N/A,13-06-26 3:30
1777033456915-704-1548054214,2026-04-24 14:24 CEST,ESW-SyncPart,"Event Handling, Data Collection",Failed,N/A,N/A,N/A,N/A,13-06-26 3:30
1777033456916-705-1548054214,2026-04-24 14:24 CEST,ESW-SyncPart,"Event Handling, Data Collection",Failed,N/A,N/A,N/A,N/A,13-06-26 3:30
1777033288573-690-1548054214,2026-04-24 14:21 CEST,ESW-SyncPart,"Event Handling, Data Collection",Failed,N/A,N/A,N/A,N/A,13-06-26 3:30
1777033288571-684-1548054214,2026-04-24 14:21 CEST,ESW-SyncPart,"Event Handling, Data Collection",Failed,N/A,N/A,N/A,N/A,13-06-26 3:30
1777033288572-686-1548054214,2026-04-24 14:21 CEST,ESW-SyncPart,"Event Handling, Data Collection",Failed,N/A,N/A,N/A,N/A,13-06-26 3:30
1777033288571-685-1548054214,2026-04-24 14:21 CEST,ESW-SyncPart,"Event Handling, Data Collection",Failed,N/A,N/A,N/A,N/A,13-06-26 3:30
1777033288571-683-1548054214,2026-04-24 14:21 CEST,ESW-SyncPart,"Event Handling, Data Collection",Failed,N/A,N/A,N/A,N/A,13-06-26 3:30
1777033288572-687-1548054214,2026-04-24 14:21 CEST,ESW-SyncPart,"Event Handling, Data Collection",Failed,N/A,N/A,N/A,N/A,13-06-26 3:30
1777033288573-691-1548054214,2026-04-24 14:21 CEST,ESW-SyncPart,"Event Handling, Data Collection",Failed,N/A,N/A,N/A,N/A,13-06-26 3:30
1777033288571-681-1548054214,2026-04-24 14:21 CEST,ESW-SyncPart,"Event Handling, Data Collection",Failed,N/A,N/A,N/A,N/A,13-06-26 3:30
1777033288572-689-1548054214,2026-04-24 14:21 CEST,ESW-SyncPart,"Event Handling, Data Collection",Failed,N/A,N/A,N/A,N/A,13-06-26 3:30
1777033288573-693-1548054214,2026-04-24 14:21 CEST,ESW-SyncPart,"Event Handling, Data Collection",Failed,N/A,N/A,N/A,N/A,13-06-26 3:30
1777033288573-694-1548054214,2026-04-24 14:21 CEST,ESW-SyncPart,"Event Handling, Data Collection",Failed,N/A,N/A,N/A,N/A,13-06-26 3:30
1777033288571-682-1548054214,2026-04-24 14:21 CEST,ESW-SyncPart,"Event Handling, Data Collection",Failed,N/A,N/A,N/A,N/A,13-06-26 3:30
1777033288572-688-1548054214,2026-04-24 14:21 CEST,ESW-SyncPart,"Event Handling, Data Collection",Failed,N/A,N/A,N/A,N/A,13-06-26 3:30
1777033288573-692-1548054214,2026-04-24 14:21 CEST,ESW-SyncPart,"Event Handling, Data Collection",Failed,N/A,N/A,N/A,N/A,13-06-26 3:30
1776906001038-472-1202124232,2026-04-24 05:03 CEST,POTS,Generate Export,Failed,N/A,N/A,N/A,N/A,13-06-26 3:30
1776906938990-3-574740405,2026-04-23 05:00 CEST,RAPID,Data Publish,Failed,N/A,N/A,N/A,N/A,13-06-26 3:30
1776819601040-176-1202124232,2026-04-23 05:00 CEST,POTS,Generate Export,Failed,N/A,N/A,N/A,N/A,13-06-26 3:30
1776733201037-208-226604059,2026-04-22 06:09 CEST,POTS,Generate Export,Failed,N/A,N/A,N/A,N/A,13-06-26 3:30
1776773419033-6-508128486,2026-04-21 14:10 CEST,ODC,MCN Planned Date Update From ODC System,Failed,N/A,N/A,N/A,N/A,13-06-26 3:30
1776736232052-148-89944594,2026-04-21 11:50 CEST,ODC,MCN Planned Date Update From ODC System,Failed,N/A,N/A,N/A,N/A,13-06-26 3:30
1776646801032-4-226604059,2026-04-21 06:10 CEST,POTS,Generate Export,Failed,N/A,N/A,N/A,N/A,13-06-26 3:30
1776707431298-8-532844354,2026-04-21 03:50 CEST,ODC,MCN Planned Date Update From ODC System,Failed,N/A,N/A,N/A,N/A,13-06-26 3:30
1776678629048-98-89944594,2026-04-20 19:50 CEST,ODC,MCN Planned Date Update From ODC System,Failed,N/A,N/A,N/A,N/A,13-06-26 3:30
1776693176547-30-2117030749,2026-04-20 15:52 CEST,RAPID,Data Collection,Failed,N/A,N/A,N/A,N/A,13-06-26 3:30
1776691115461-5-508128486,2026-04-20 15:18 CEST,ODC,MCN Planned Date Update From ODC System,Failed,N/A,N/A,N/A,N/A,13-06-26 3:30
1776688843114-4-508128486,2026-04-20 14:40 CEST,ODC,MCN Planned Date Update From ODC System,Failed,N/A,N/A,N/A,N/A,13-06-26 3:30
1776686762311-14-1386263152,2026-04-20 14:06 CEST,ODC,MCN Planned Date Update From ODC System,Failed,N/A,N/A,N/A,N/A,13-06-26 3:30
1776686094997-13-1386263152,2026-04-20 13:54 CEST,ODC,MCN Planned Date Update From ODC System,Failed,N/A,N/A,N/A,N/A,13-06-26 3:30
1776685921814-21-201494151,2026-04-20 13:52 CEST,ODC,MCN Planned Date Update From ODC System,Failed,N/A,N/A,N/A,N/A,13-06-26 3:30
1776685684030-20-201494151,2026-04-20 13:48 CEST,ODC,MCN Planned Date Update From ODC System,Failed,N/A,N/A,N/A,N/A,13-06-26 3:30
1776685121164-3-508128486,2026-04-20 13:38 CEST,ODC,MCN Planned Date Update From ODC System,Failed,N/A,N/A,N/A,N/A,13-06-26 3:30
1776649828163-3-532844354,2026-04-20 11:50 CEST,ODC,MCN Planned Date Update From ODC System,Failed,N/A,N/A,N/A,N/A,13-06-26 3:30
1776621027209-3-89944594,2026-04-20 03:50 CEST,ODC,MCN Planned Date Update From ODC System,Failed,N/A,N/A,N/A,N/A,13-06-26 3:30
1776592226034-16-1198570251,2026-04-19 19:50 CEST,ODC,MCN Planned Date Update From ODC System,Failed,N/A,N/A,N/A,N/A,13-06-26 3:30
1776563425032-93-276621850,2026-04-19 11:50 CEST,ODC,MCN Planned Date Update From ODC System,Failed,N/A,N/A,N/A,N/A,13-06-26 3:30
1776534624032-15-1198570251,2026-04-19 03:50 CEST,ODC,MCN Planned Date Update From ODC System,Failed,N/A,N/A,N/A,N/A,13-06-26 3:30
1776505823032-92-276621850,2026-04-18 19:50 CEST,ODC,MCN Planned Date Update From ODC System,Failed,N/A,N/A,N/A,N/A,13-06-26 3:30
1776477022043-14-1198570251,2026-04-18 11:50 CEST,ODC,MCN Planned Date Update From ODC System,Failed,N/A,N/A,N/A,N/A,13-06-26 3:30
1776387601060-72-1433824918,2026-04-18 04:17 CEST,POTS,Generate Export,Failed,N/A,N/A,N/A,N/A,13-06-26 3:30
1776448221047-13-1198570251,2026-04-18 03:50 CEST,ODC,MCN Planned Date Update From ODC System,Failed,N/A,N/A,N/A,N/A,13-06-26 3:30
1776419420035-78-276621850,2026-04-17 19:50 CEST,ODC,MCN Planned Date Update From ODC System,Failed,N/A,N/A,N/A,N/A,13-06-26 3:30
1776390619178-4-276621850,2026-04-17 11:50 CEST,ODC,MCN Planned Date Update From ODC System,Failed,N/A,N/A,N/A,N/A,13-06-26 3:30
1776301201051-589-1458056422,2026-04-17 04:20 CEST,POTS,Generate Export,Failed,N/A,N/A,N/A,N/A,13-06-26 3:30
1776361818228-3-1198570251,2026-04-17 03:50 CEST,ODC,MCN Planned Date Update From ODC System,Failed,N/A,N/A,N/A,N/A,13-06-26 3:30
1776333017258-487-1903177770,2026-04-16 19:50 CEST,ODC,MCN Planned Date Update From ODC System,Failed,N/A,N/A,N/A,N/A,13-06-26 3:30
1776329165099-9-1521724965,2026-04-16 10:46 CEST,RAPID,Data Publish,Failed,N/A,N/A,N/A,N/A,13-06-26 3:30
1776322436694-5-1327780673,2026-04-16 08:53 CEST,RAPID,Data Publish,Failed,N/A,N/A,N/A,N/A,13-06-26 3:30
1776322344089-4-556889780,2026-04-16 08:52 CEST,RAPID,Data Publish,Failed,N/A,N/A,N/A,N/A,13-06-26 3:30
1776308412767-7-163885414,2026-04-16 05:00 CEST,RAPID,Data Publish,Failed,N/A,N/A,N/A,N/A,13-06-26 3:03
1776308259259-5-973786215,2026-04-16 04:57 CEST,RAPID,Data Publish,Failed,N/A,N/A,N/A,N/A,13-06-26 3:03
1776308263164-6-1690505747,2026-04-16 04:57 CEST,RAPID,Data Publish,Failed,N/A,N/A,N/A,N/A,13-06-26 3:03
1776308254274-4-2116927255,2026-04-16 04:57 CEST,RAPID,Data Publish,Failed,N/A,N/A,N/A,N/A,13-06-26 3:03
1776214801036-453-1458056422,2026-04-16 04:15 CEST,POTS,Generate Export,Failed,N/A,N/A,N/A,N/A,13-06-26 3:03
1776275415187-34-1742534769,2026-04-16 03:50 CEST,ODC,MCN Planned Date Update From ODC System,Failed,N/A,N/A,N/A,N/A,13-06-26 3:03
1776246614167-392-1903177770,2026-04-15 19:50 CEST,ODC,MCN Planned Date Update From ODC System,Failed,N/A,N/A,N/A,N/A,13-06-26 3:03
1776263478259-13-109267890,2026-04-15 16:31 CEST,RAPID,Data Publish,Failed,N/A,N/A,N/A,N/A,13-06-26 3:03
1776263167489-12-951263486,2026-04-15 16:26 CEST,RAPID,Data Publish,Failed,N/A,N/A,N/A,N/A,13-06-26 3:03
1776262142055-11-1627617354,2026-04-15 16:09 CEST,RAPID,Data Publish,Failed,N/A,N/A,N/A,N/A,13-06-26 3:03
1776248540027-3-947934414,2026-04-15 12:22 CEST,RAPID,Data Publish,Failed,N/A,N/A,N/A,N/A,13-06-26 3:03
1776235058908-8-1017357033,2026-04-15 08:37 CEST,RAPID,Data Publish,Failed,N/A,N/A,N/A,N/A,13-06-26 3:03
1776215568154-5-1929837093,2026-04-15 04:16 CEST,RAPID,Data Publish,Failed,N/A,N/A,N/A,N/A,13-06-26 3:03
1776215598100-7-1736800985,2026-04-15 04:16 CEST,RAPID,Data Publish,Failed,N/A,N/A,N/A,N/A,13-06-26 3:03
1776128401050-255-1458056422,2026-04-15 04:16 CEST,POTS,Generate Export,Failed,N/A,N/A,N/A,N/A,13-06-26 3:03
1776215587383-6-2009498324,2026-04-15 04:16 CEST,RAPID,Data Publish,Failed,N/A,N/A,N/A,N/A,13-06-26 3:03
1776178674291-7-102121324,2026-04-14 16:57 CEST,RAPID,Data Publish,Failed,N/A,N/A,N/A,N/A,13-06-26 3:03
1776178456636-6-1020959134,2026-04-14 16:54 CEST,RAPID,Data Publish,Failed,N/A,N/A,N/A,N/A,13-06-26 3:03
1776163376574-4-748036173,2026-04-14 12:42 CEST,RAPID,Data Publish,Failed,N/A,N/A,N/A,N/A,13-06-26 3:03
1776162896636-7-1837364970,2026-04-14 12:34 CEST,RAPID,Data Publish,Failed,N/A,N/A,N/A,N/A,13-06-26 3:01
1776162803406-6-189700563,2026-04-14 12:33 CEST,RAPID,Data Publish,Failed,N/A,N/A,N/A,N/A,13-06-26 3:01
1776162735089-5-1793214091,2026-04-14 12:32 CEST,RAPID,Data Publish,Failed,N/A,N/A,N/A,N/A,13-06-26 3:01
1776162715959-4-802269018,2026-04-14 12:31 CEST,RAPID,Data Publish,Failed,N/A,N/A,N/A,N/A,13-06-26 3:01
1776159077368-3-1654637125,2026-04-14 11:31 CEST,RAPID,Data Publish,Failed,N/A,N/A,N/A,N/A,13-06-26 3:01
1776156004920-5-1469005874,2026-04-14 10:42 CEST,RAPID,Data Publish,Failed,N/A,N/A,N/A,N/A,13-06-26 3:01
1776155783157-4-732040145,2026-04-14 10:36 CEST,RAPID,Data Publish,Failed,N/A,N/A,N/A,N/A,13-06-26 3:01
1776149866877-9-1610111370,2026-04-14 08:57 CEST,RAPID,Data Publish,Failed,N/A,N/A,N/A,N/A,13-06-26 3:01
1776149700258-8-1512766364,2026-04-14 08:55 CEST,RAPID,Data Publish,Failed,N/A,N/A,N/A,N/A,13-06-26 3:01
1776090826048-3-969332461,2026-04-13 16:33 CEST,RAPID,Data Collection,Failed,N/A,N/A,N/A,N/A,13-06-26 3:01
1776087150965-124-1968685757,2026-04-13 15:34 CEST,RAPID,Data Collection,Failed,N/A,N/A,N/A,N/A,13-06-26 3:01
1775929803269-4-174494854,2026-04-12 03:50 CEST,ODC,MCN Planned Date Update From ODC System,Failed,N/A,N/A,N/A,N/A,13-06-26 3:01
1775647893325-6-2005265217,2026-04-08 13:31 CEST,RAPID,Data Publish,Failed,N/A,N/A,N/A,N/A,13-06-26 3:01
1775006480664-3-2130989377,2026-04-01 06:08 CEST,RAPID,Data Publish,Failed,N/A,N/A,N/A,N/A,13-06-26 3:01
1774946485285-7-618194434,2026-03-31 10:41 CEST,RAPID,Data Collection,Failed,N/A,N/A,N/A,N/A,13-06-26 3:01
1774946443972-6-432467043,2026-03-31 10:40 CEST,RAPID,Data Collection,Failed,N/A,N/A,N/A,N/A,13-06-26 3:01
1774944972865-207-1092766200,2026-03-31 10:16 CEST,ESW-SyncPart,"Event Handling, Data Collection",Failed,N/A,N/A,N/A,N/A,13-06-26 3:01
1774944972866-208-1092766200,2026-03-31 10:16 CEST,ESW-SyncPart,"Event Handling, Data Collection",Failed,N/A,N/A,N/A,N/A,13-06-26 3:01
1774944972866-210-1092766200,2026-03-31 10:16 CEST,ESW-SyncPart,"Event Handling, Data Collection",Failed,N/A,N/A,N/A,N/A,13-06-26 3:01
1774944972865-205-1092766200,2026-03-31 10:16 CEST,ESW-SyncPart,"Event Handling, Data Collection",Failed,N/A,N/A,N/A,N/A,13-06-26 3:01
1774944972866-209-1092766200,2026-03-31 10:16 CEST,ESW-SyncPart,"Event Handling, Data Collection",Failed,N/A,N/A,N/A,N/A,13-06-26 3:01
1774943544478-192-1092766200,2026-03-31 09:52 CEST,ESW-SyncPart,"Event Handling, Data Collection",Failed,N/A,N/A,N/A,N/A,13-06-26 3:01
1774943544477-191-1092766200,2026-03-31 09:52 CEST,ESW-SyncPart,"Event Handling, Data Collection",Failed,N/A,N/A,N/A,N/A,13-06-26 3:01
1774943544477-187-1092766200,2026-03-31 09:52 CEST,ESW-SyncPart,"Event Handling, Data Collection",Failed,N/A,N/A,N/A,N/A,13-06-26 3:01
1774943544476-181-1092766200,2026-03-31 09:52 CEST,ESW-SyncPart,"Event Handling, Data Collection",Failed,N/A,N/A,N/A,N/A,13-06-26 3:01
1774943544477-188-1092766200,2026-03-31 09:52 CEST,ESW-SyncPart,"Event Handling, Data Collection",Failed,N/A,N/A,N/A,N/A,13-06-26 3:01
1774943544478-193-1092766200,2026-03-31 09:52 CEST,ESW-SyncPart,"Event Handling, Data Collection",Failed,N/A,N/A,N/A,N/A,13-06-26 3:01
1774943544477-189-1092766200,2026-03-31 09:52 CEST,ESW-SyncPart,"Event Handling, Data Collection",Failed,N/A,N/A,N/A,N/A,13-06-26 3:01
1774943544477-190-1092766200,2026-03-31 09:52 CEST,ESW-SyncPart,"Event Handling, Data Collection",Failed,N/A,N/A,N/A,N/A,13-06-26 3:01
1774943544476-184-1092766200,2026-03-31 09:52 CEST,ESW-SyncPart,"Event Handling, Data Collection",Failed,N/A,N/A,N/A,N/A,13-06-26 3:01
1774943544476-182-1092766200,2026-03-31 09:52 CEST,ESW-SyncPart,"Event Handling, Data Collection",Failed,N/A,N/A,N/A,N/A,13-06-26 3:01
1774943544476-183-1092766200,2026-03-31 09:52 CEST,ESW-SyncPart,"Event Handling, Data Collection",Failed,N/A,N/A,N/A,N/A,13-06-26 3:01
1774943544478-194-1092766200,2026-03-31 09:52 CEST,ESW-SyncPart,"Event Handling, Data Collection",Failed,N/A,N/A,N/A,N/A,13-06-26 3:01
1774943544476-185-1092766200,2026-03-31 09:52 CEST,ESW-SyncPart,"Event Handling, Data Collection",Failed,N/A,N/A,N/A,N/A,13-06-26 3:01
1774943544477-186-1092766200,2026-03-31 09:52 CEST,ESW-SyncPart,"Event Handling, Data Collection",Failed,N/A,N/A,N/A,N/A,13-06-26 3:01
1774942441628-273-1958964211,2026-03-31 09:34 CEST,ODC,Material Status Info,Failed,N/A,N/A,N/A,N/A,13-06-26 3:01
1774857833195-16-1092766200,2026-03-30 10:04 CEST,ESW-SyncPart,"Event Handling, Data Collection",Failed,N/A,N/A,N/A,N/A,13-06-26 3:01
1774857833195-15-1092766200,2026-03-30 10:04 CEST,ESW-SyncPart,"Event Handling, Data Collection",Failed,N/A,N/A,N/A,N/A,13-06-26 3:01
1774857833194-12-1092766200,2026-03-30 10:03 CEST,ESW-SyncPart,"Event Handling, Data Collection",Failed,N/A,N/A,N/A,N/A,13-06-26 3:01
1774857833195-14-1092766200,2026-03-30 10:03 CEST,ESW-SyncPart,"Event Handling, Data Collection",Failed,N/A,N/A,N/A,N/A,13-06-26 3:01
1774857833194-13-1092766200,2026-03-30 10:03 CEST,ESW-SyncPart,"Event Handling, Data Collection",Failed,N/A,N/A,N/A,N/A,13-06-26 3:01
1774602507569-556-810930105,2026-03-27 10:08 CET,ESW-SyncPart,"Event Handling, Data Collection",Failed,N/A,N/A,N/A,N/A,13-06-26 3:01
1773049065518-4-1658869575,2026-03-25 14:12 CET,RAPID,Data Publish,Failed,N/A,N/A,N/A,N/A,13-06-26 3:01
1771919421435-4-97350652,2026-03-25 12:25 CET,RAPID,Data Collection,Failed,N/A,N/A,N/A,N/A,13-06-26 3:01
1773022051602-3-1462878026,2026-03-25 06:42 CET,RAPID,Data Publish,Failed,N/A,N/A,N/A,N/A,13-06-26 3:01
1773365772935-6-1990032144,2026-03-24 08:49 CET,RAPID,Data Publish,Failed,N/A,N/A,N/A,N/A,13-06-26 3:01
1773365716266-5-637663037,2026-03-24 08:49 CET,RAPID,Data Collection,Failed,N/A,N/A,N/A,N/A,13-06-26 3:01
1771809136328-4-1409856651,2026-03-24 05:47 CET,RAPID,Data Publish,Failed,N/A,N/A,N/A,N/A,13-06-26 3:01
1771809141285-5-282639595,2026-03-24 05:47 CET,RAPID,Data Publish,Failed,N/A,N/A,N/A,N/A,13-06-26 3:01
1771809130660-3-1526346528,2026-03-24 05:47 CET,RAPID,Data Publish,Failed,N/A,N/A,N/A,N/A,13-06-26 3:01
1771809146538-6-290472319,2026-03-24 05:47 CET,RAPID,Data Publish,Failed,N/A,N/A,N/A,N/A,13-06-26 3:01
1773308705983-5-35998683,2026-03-23 14:20 CET,RAPID,Data Publish,Failed,N/A,N/A,N/A,N/A,13-06-26 3:01
1772803497893-64-666473856,2026-03-22 18:00 CET,RAPID,Data Publish,Failed,N/A,N/A,N/A,N/A,13-06-26 3:01
1772681602476-43-435765794,2026-03-21 08:57 CET,RAPID,Data Publish,Failed,N/A,N/A,N/A,N/A,13-06-26 3:01
1772681610070-44-697564393,2026-03-21 08:57 CET,RAPID,Data Publish,Failed,N/A,N/A,N/A,N/A,13-06-26 3:01
1781298647908-658-444815202,2026-06-12 23:11 CEST,GLOPPS -> WINDCHILL,Data Update,Success,N/A,N/A,N/A,N/A,13-06-26 15:56
1781298649759-659-444815202,2026-06-12 23:11 CEST,GLOPPS -> WINDCHILL,Data Update,Success,N/A,N/A,N/A,N/A,13-06-26 15:56
1781298653565-661-444815202,2026-06-12 23:11 CEST,GLOPPS -> WINDCHILL,Data Update,Success,N/A,N/A,N/A,N/A,13-06-26 15:56
1781298655344-662-444815202,2026-06-12 23:11 CEST,GLOPPS -> WINDCHILL,Data Update,Success,N/A,N/A,N/A,N/A,13-06-26 15:56
1781298651665-660-444815202,2026-06-12 23:11 CEST,GLOPPS -> WINDCHILL,Data Update,Success,N/A,N/A,N/A,N/A,13-06-26 15:56
1781298646056-657-444815202,2026-06-12 23:11 CEST,GLOPPS -> WINDCHILL,Data Update,Success,N/A,N/A,N/A,N/A,13-06-26 15:56
1781298619535-642-444815202,2026-06-12 23:10 CEST,GLOPPS -> WINDCHILL,Data Update,Success,N/A,N/A,N/A,N/A,13-06-26 15:56
1781298626859-646-444815202,2026-06-12 23:10 CEST,GLOPPS -> WINDCHILL,Data Update,Success,N/A,N/A,N/A,N/A,13-06-26 15:56
1781298612605-638-444815202,2026-06-12 23:10 CEST,GLOPPS -> WINDCHILL,Data Update,Success,N/A,N/A,N/A,N/A,13-06-26 15:56
1781298607533-635-444815202,2026-06-12 23:10 CEST,GLOPPS -> WINDCHILL,Data Update,Success,N/A,N/A,N/A,N/A,13-06-26 15:56
1781298615799-640-444815202,2026-06-12 23:10 CEST,GLOPPS -> WINDCHILL,Data Update,Success,N/A,N/A,N/A,N/A,13-06-26 15:56
1781298623302-644-444815202,2026-06-12 23:10 CEST,GLOPPS -> WINDCHILL,Data Update,Success,N/A,N/A,N/A,N/A,13-06-26 15:56
1781298604323-633-444815202,2026-06-12 23:10 CEST,GLOPPS -> WINDCHILL,Data Update,Success,N/A,N/A,N/A,N/A,13-06-26 15:56
1781298635367-651-444815202,2026-06-12 23:10 CEST,GLOPPS -> WINDCHILL,Data Update,Success,N/A,N/A,N/A,N/A,13-06-26 15:56
1781298602789-632-444815202,2026-06-12 23:10 CEST,GLOPPS -> WINDCHILL,Data Update,Success,N/A,N/A,N/A,N/A,13-06-26 15:56
1781298633640-650-444815202,2026-06-12 23:10 CEST,GLOPPS -> WINDCHILL,Data Update,Success,N/A,N/A,N/A,N/A,13-06-26 15:56
1781298640475-654-444815202,2026-06-12 23:10 CEST,GLOPPS -> WINDCHILL,Data Update,Success,N/A,N/A,N/A,N/A,13-06-26 15:56
1781298630365-648-444815202,2026-06-12 23:10 CEST,GLOPPS -> WINDCHILL,Data Update,Success,N/A,N/A,N/A,N/A,13-06-26 15:56
1781298621457-643-444815202,2026-06-12 23:10 CEST,GLOPPS -> WINDCHILL,Data Update,Success,N/A,N/A,N/A,N/A,13-06-26 15:56
1781298644168-656-444815202,2026-06-12 23:10 CEST,GLOPPS -> WINDCHILL,Data Update,Success,N/A,N/A,N/A,N/A,13-06-26 15:56
1781298605865-634-444815202,2026-06-12 23:10 CEST,GLOPPS -> WINDCHILL,Data Update,Success,N/A,N/A,N/A,N/A,13-06-26 15:56
1781298632037-649-444815202,2026-06-12 23:10 CEST,GLOPPS -> WINDCHILL,Data Update,Success,N/A,N/A,N/A,N/A,13-06-26 15:56
1781298642277-655-444815202,2026-06-12 23:10 CEST,GLOPPS -> WINDCHILL,Data Update,Success,N/A,N/A,N/A,N/A,13-06-26 15:56
1781298617587-641-444815202,2026-06-12 23:10 CEST,GLOPPS -> WINDCHILL,Data Update,Success,N/A,N/A,N/A,N/A,13-06-26 15:56
1781298609303-636-444815202,2026-06-12 23:10 CEST,GLOPPS -> WINDCHILL,Data Update,Success,N/A,N/A,N/A,N/A,13-06-26 15:56
1781298625035-645-444815202,2026-06-12 23:10 CEST,GLOPPS -> WINDCHILL,Data Update,Success,N/A,N/A,N/A,N/A,13-06-26 15:56
1781298614208-639-444815202,2026-06-12 23:10 CEST,GLOPPS -> WINDCHILL,Data Update,Success,N/A,N/A,N/A,N/A,13-06-26 15:56
1781298638817-653-444815202,2026-06-12 23:10 CEST,GLOPPS -> WINDCHILL,Data Update,Success,N/A,N/A,N/A,N/A,13-06-26 15:56
1781298637144-652-444815202,2026-06-12 23:10 CEST,GLOPPS -> WINDCHILL,Data Update,Success,N/A,N/A,N/A,N/A,13-06-26 15:56
1781298628591-647-444815202,2026-06-12 23:10 CEST,GLOPPS -> WINDCHILL,Data Update,Success,N/A,N/A,N/A,N/A,13-06-26 15:56
1781298610952-637-444815202,2026-06-12 23:10 CEST,GLOPPS -> WINDCHILL,Data Update,Success,N/A,N/A,N/A,N/A,13-06-26 15:56
1781211601082-555-594658319,2026-06-12 23:01 CEST,BEAT,"Batch Process, Data Publish",Success,N/A,N/A,N/A,N/A,13-06-26 15:56
1781293396925-743-1930633891,2026-06-12 21:43 CEST,Change Report,Generate Report,Success,N/A,N/A,N/A,N/A,13-06-26 15:56
1781254860171-710-1309372569,2026-06-12 19:01 CEST,ODC,MCN Planned Date Update From ODC System,Success,N/A,N/A,N/A,N/A,13-06-26 15:56
1781280252227-741-1930633891,2026-06-12 18:04 CEST,Change Report,Generate Report,Success,N/A,N/A,N/A,N/A,13-06-26 15:56
1781280226691-739-1464075343,2026-06-12 18:03 CEST,SPIS,Event Handling,Success,N/A,N/A,N/A,N/A,13-06-26 15:56
1781280226505-737-1082244522,2026-06-12 18:03 CEST,FADS,Event Handling,Success,N/A,N/A,N/A,N/A,13-06-26 15:56
1781280226692-740-1930633891,2026-06-12 18:03 CEST,Change Report,Generate Report,Success,N/A,N/A,N/A,N/A,13-06-26 15:56
1781280226505-738-1343014908,2026-06-12 18:03 CEST,FACTORYMASTER,Generate Report,Success,N/A,N/A,N/A,N/A,13-06-26 15:56
1781277352475-736-1930633891,2026-06-12 17:15 CEST,Change Report,Generate Report,Success,N/A,N/A,N/A,N/A,13-06-26 15:56
1781271877590-733-1343014908,2026-06-12 15:44 CEST,FACTORYMASTER,Generate Report,Success,N/A,N/A,N/A,N/A,13-06-26 15:56
1781271878142-735-1930633891,2026-06-12 15:44 CEST,Change Report,Generate Report,Success,N/A,N/A,N/A,N/A,13-06-26 15:56
1781268144787-731-1930633891,2026-06-12 14:42 CEST,Change Report,Generate Report,Success,N/A,N/A,N/A,N/A,13-06-26 15:56
1781267033814-729-1930633891,2026-06-12 14:24 CEST,Change Report,Generate Report,Success,N/A,N/A,N/A,N/A,13-06-26 15:56
1781267040600-730-1930633891,2026-06-12 14:24 CEST,Change Report,Generate Report,Success,N/A,N/A,N/A,N/A,13-06-26 15:56
1781266208508-3-968590735,2026-06-12 14:10 CEST,KOLA -> Windchill,Request Reply,Success,N/A,N/A,N/A,N/A,13-06-26 15:56
1781266177168-726-1959093047,2026-06-12 14:09 CEST,ODC,Material Status Info,Success,N/A,N/A,N/A,N/A,13-06-26 15:56
1781265906747-627-1677493415,2026-06-12 14:05 CEST,ESW-SyncPart,"Event Handling, Data Collection",Success,N/A,N/A,N/A,N/A,13-06-26 15:56
1781265906747-628-1677493415,2026-06-12 14:05 CEST,ESW-SyncPart,"Event Handling, Data Collection",Success,N/A,N/A,N/A,N/A,13-06-26 15:56
1781265906746-626-1677493415,2026-06-12 14:05 CEST,ESW-SyncDCN,"Event Handling, Data Collection",Success,N/A,N/A,N/A,N/A,13-06-26 15:56
1781265813470-624-1677493415,2026-06-12 14:03 CEST,ESW-SyncPart,"Event Handling, Data Collection",Success,N/A,N/A,N/A,N/A,13-06-26 15:56
1781265813470-625-1677493415,2026-06-12 14:03 CEST,ESW-SyncPart,"Event Handling, Data Collection",Success,N/A,N/A,N/A,N/A,13-06-26 15:56
1781265813469-623-1677493415,2026-06-12 14:03 CEST,ESW-SyncDCN,"Event Handling, Data Collection",Success,N/A,N/A,N/A,N/A,13-06-26 15:56
1781262574448-722-1930633891,2026-06-12 13:09 CEST,Change Report,Generate Report,Success,N/A,N/A,N/A,N/A,13-06-26 15:56
1781262487967-718-1082244522,2026-06-12 13:08 CEST,FADS,Event Handling,Success,N/A,N/A,N/A,N/A,13-06-26 15:56
1781262488802-721-1930633891,2026-06-12 13:08 CEST,Change Report,Generate Report,Success,N/A,N/A,N/A,N/A,13-06-26 15:56
1781262161314-713-1082244522,2026-06-12 13:02 CEST,FADS,Event Handling,Success,N/A,N/A,N/A,N/A,13-06-26 15:56
1781262161414-715-1464075343,2026-06-12 13:02 CEST,SPIS,Event Handling,Success,N/A,N/A,N/A,N/A,13-06-26 15:56
1781262177714-717-1930633891,2026-06-12 13:02 CEST,Change Report,Generate Report,Success,N/A,N/A,N/A,N/A,13-06-26 15:56
1781262161414-716-1930633891,2026-06-12 13:02 CEST,Change Report,Generate Report,Success,N/A,N/A,N/A,N/A,13-06-26 15:56
1781259700089-619-1677493415,2026-06-12 12:21 CEST,ESW-SyncDocument,"Event Handling, Data Collection",Success,N/A,N/A,N/A,N/A,13-06-26 15:56
1781259700089-618-1677493415,2026-06-12 12:21 CEST,ESW-SyncDocument,"Event Handling, Data Collection",Success,N/A,N/A,N/A,N/A,13-06-26 15:56
1781259700089-622-1677493415,2026-06-12 12:21 CEST,ESW-SyncDocument,"Event Handling, Data Collection",Success,N/A,N/A,N/A,N/A,13-06-26 15:56
1781259700088-615-1677493415,2026-06-12 12:21 CEST,ESW-SyncDocument,"Event Handling, Data Collection",Success,N/A,N/A,N/A,N/A,13-06-26 15:56
1781259700089-620-1677493415,2026-06-12 12:21 CEST,ESW-SyncDocument,"Event Handling, Data Collection",Success,N/A,N/A,N/A,N/A,13-06-26 15:56
1781259700088-614-1677493415,2026-06-12 12:21 CEST,ESW-SyncDCN,"Event Handling, Data Collection",Success,N/A,N/A,N/A,N/A,13-06-26 15:56
1781259700088-617-1677493415,2026-06-12 12:21 CEST,ESW-SyncDocument,"Event Handling, Data Collection",Success,N/A,N/A,N/A,N/A,13-06-26 15:56
1781259700088-616-1677493415,2026-06-12 12:21 CEST,ESW-SyncDocument,"Event Handling, Data Collection",Success,N/A,N/A,N/A,N/A,13-06-26 15:56
1781259603951-607-1677493415,2026-06-12 12:20 CEST,ESW-SyncDocument,"Event Handling, Data Collection",Success,N/A,N/A,N/A,N/A,13-06-26 15:56
1781259603952-613-1677493415,2026-06-12 12:20 CEST,ESW-SyncDocument,"Event Handling, Data Collection",Success,N/A,N/A,N/A,N/A,13-06-26 15:56
1781259603951-609-1677493415,2026-06-12 12:20 CEST,ESW-SyncDocument,"Event Handling, Data Collection",Success,N/A,N/A,N/A,N/A,13-06-26 15:56
1781259603952-612-1677493415,2026-06-12 12:20 CEST,ESW-SyncDocument,"Event Handling, Data Collection",Success,N/A,N/A,N/A,N/A,13-06-26 15:56
1781259603951-608-1677493415,2026-06-12 12:20 CEST,ESW-SyncDocument,"Event Handling, Data Collection",Success,N/A,N/A,N/A,N/A,13-06-26 15:56
1781259603951-610-1677493415,2026-06-12 12:20 CEST,ESW-SyncDocument,"Event Handling, Data Collection",Success,N/A,N/A,N/A,N/A,13-06-26 15:56
1781259603951-611-1677493415,2026-06-12 12:20 CEST,ESW-SyncDocument,"Event Handling, Data Collection",Success,N/A,N/A,N/A,N/A,13-06-26 15:56
1781226059228-51-414034230,2026-06-12 11:01 CEST,ODC,MCN Planned Date Update From ODC System,Success,N/A,N/A,N/A,N/A,13-06-26 15:56
1781254592375-7-556743135,2026-06-12 10:56 CEST,Change Report,Generate Report,Success,N/A,N/A,N/A,N/A,13-06-26 15:56
1.78125E+12,2026-06-12 10:07 CEST,VPM,Extract CAD Files,Success,N/A,N/A,N/A,N/A,13-06-26 15:56
1781251678675-709-1930633891,2026-06-12 10:07 CEST,Change Report,Generate Report,Success,N/A,N/A,N/A,N/A,13-06-26 15:56
1781226001033-594-75875296,2026-06-13 04:28 CEST,POTS,Generate Export,Failed,Export to Pots,N/A,1,N/A,2026-06-16 17:01:27
1781283661303-742-1309372569,2026-06-13 03:01 CEST,ODC,MCN Planned Date Update From ODC System,Success,N/A,N/A,N/A,N/A,13-06-26 15:56
1781312462231-744-1309372569,2026-06-13 11:01 CEST,ODC,MCN Planned Date Update From ODC System,Success,N/A,N/A,N/A,N/A,13-06-26 15:56
1781486806381-3-2030124839,2026-06-15 03:26 CEST,RAPID,Data Publish,Failed,"54523319, COTS components, Aurora, VAS, 05.2",Released,6,Failed to send POST request,16-06-26 3:04
1781599772836-3-550995414,2026-06-16 10:52 CEST,RAPID,Data Collection,Failed,"54523319, COTS components, Aurora, VAS, 06.2",In Work,4,Latest Document pdf not found! : 54523319 06.2,2026-06-16 17:01:27
1781597062506-3-1313373213,2026-06-16 10:04 CEST,RAPID,Data Publish,Failed,"54523319, COTS components, Aurora, VAS, 05.2",Released,4,Failed to send POST request,2026-06-16 17:01:27
1781485201041-4-498652220,2026-06-16 04:31 CEST,POTS,Generate Export,Failed,Export to Pots,N/A,1,N/A,2026-06-16 17:01:27
1781607292951-4-2116860276,2026-06-16 12:54 CEST,RAPID,Data Publish,Failed,"54523319, COTS components, Aurora, VAS, 05.2",Released,3,Failed to send POST request,2026-06-16 17:01:27
1781571601051-60-498652220,2026-06-17 04:31 CEST,POTS,Generate Export,Failed,Export to Pots,N/A,1,N/A,2026-06-17 12:01:56
1781704545705-358-800834987,2026-06-17 15:55 CEST,Change Report,Generate Report,Success,128685WC,Released,1,N/A,2026-06-17 22:22:55
1781704545598-355-851831011,2026-06-17 15:55 CEST,FADS,Event Handling,Success,128685WC,Released,1,N/A,2026-06-17 22:22:55
1781704471174-353-800834987,2026-06-17 15:54 CEST,Change Report,Generate Report,Success,128853WC,Resolved,1,N/A,2026-06-17 22:22:55
1781704479220-354-800834987,2026-06-17 15:54 CEST,Change Report,Generate Report,Success,128852WC,Resolved,1,N/A,2026-06-17 22:22:55
1781702956969-351-152245065,2026-06-17 15:33 CEST,SPIS,Event Handling,Success,128269WC,Released,1,N/A,2026-06-17 22:22:55
1781702956864-350-967510029,2026-06-17 15:33 CEST,FACTORYMASTER,Generate Report,Success,128269WC,Released,1,128269WC_170626.xlsx,2026-06-17 22:22:55
1781702956863-349-851831011,2026-06-17 15:31 CEST,FADS,Event Handling,Success,128269WC,Released,1,N/A,2026-06-17 22:22:55
1781702840824-346-967510029,2026-06-17 15:31 CEST,FACTORYMASTER,Generate Report,Success,128737WC,Released,1,128737WC_170626.xlsx,2026-06-17 22:22:55
1781702840935-347-152245065,2026-06-17 15:31 CEST,SPIS,Event Handling,Success,128737WC,Released,1,N/A,2026-06-17 22:22:55
1781702956969-352-800834987,2026-06-17 15:29 CEST,Change Report,Generate Report,Success,128269WC,Released,1,N/A,2026-06-17 22:22:55
1781702840936-348-800834987,2026-06-17 15:27 CEST,Change Report,Generate Report,Success,N/A,N/A,N/A,N/A,2026-06-17 22:22:55
1781702840823-345-851831011,2026-06-17 15:27 CEST,FADS,Event Handling,Success,N/A,N/A,N/A,N/A,2026-06-17 22:22:55
1781658001027-134-498652220,2026-06-18 04:33 CEST,POTS,Generate Export,Failed,Export to Pots,N/A,1,N/A,2026-06-18 23:16:35
1781844459528-551-1844987322,2026-06-19 06:48 CEST,RAPID,Data Collection,Failed,"55186111, ENGINE;D1.3A T.4F US and St.V EU, VOE, 01.2",Released,4,Latest Document pdf not found! : 55186111 01.2,2026-06-19 12:15:37
1781744401069-261-498652220,2026-06-19 04:01 CEST,POTS,Generate Export,Failed,Export to Pots,N/A,1,N/A,2026-06-19 12:15:37
1782090001035-4-1680229004,2026-06-23 03:59 CEST,POTS,Generate Export,Failed,Export to Pots,N/A,1,N/A,2026-06-23 16:59:01
1781946084485-562-245591669,2026-06-20 19:01 CEST,ODC,MCN Planned Date Update From ODC System,Failed,Scheduler MCN Planned Date Update,N/A,1,Failed to process payloadEntry: id: 1781946084485-562-245591669 payload: Scheduler MCN Planned Date Update,2026-06-23 16:59:01
1781830801053-304-498652220,2026-06-20 04:01 CEST,POTS,Generate Export,Failed,Export to Pots,N/A,1,N/A,2026-06-23 16:59:01
1782176401035-910-1488681145,2026-06-24 04:02 CEST,POTS,Generate Export,Failed,Export to Pots,N/A,1,N/A,2026-06-24 16:09:08
1782300430232-5-1214547795,2026-06-24 13:27 CEST,RAPID,Data Publish,Failed,"53886653.CATDrawing, VOE, 03.2",Released,3,Failed to send POST request,2026-06-24 17:48:36
1782262801034-1379-1488681145,2026-06-25 04:01 CEST,POTS,Generate Export,Failed,Export to Pots,N/A,1,N/A,2026-06-25 14:30:34
1782398816395-11-795523101,2026-06-25 16:46 CEST,RAPID,Data Collection,Failed,"54396381, HOSE ASSEMBLY;HYDRAULIC;28 Mpa, 5/8x950, 0-90, VOE, 01.4 (Design)",P - Manufacturing Released,2,"Unable to find PVR report for: 54396381 HOSE ASSEMBLY;HYDRAULIC;28 Mpa, 5/8x950, 0-90, 01.4 (Design)",2026-06-25 20:34:30
1782454272188-484-1552807979,2026-06-26 08:11 CEST,GLOPPS,Data Publish,Failed,128208WC,Released,5,Was unable to send MQ message,2026-06-26 16:19:18
1782349201031-1527-1488681145,2026-06-26 04:06 CEST,POTS,Generate Export,Failed,Export to Pots,N/A,1,N/A,2026-06-26 16:19:18
